{
    "name": "root",
    "metadata": {
        "timer_format_version": "0.1.0",
        "start_time_seconds": "1758102821",
        "python_version": "3.10.11 | packaged by Anaconda, Inc. | (main, May 16 2023, 00:55:32) [MSC v.1916 64 bit (AMD64)]",
        "command_line_arguments": "C:\\Users\\Jakub\\miniconda3\\envs\\mlagents\\Scripts\\mlagents-learn .\\ML-Agents\\config\\CarTrainer1.yaml --run-id=car_training_1 --train --force",
        "mlagents_version": "1.1.0",
        "mlagents_envs_version": "1.1.0",
        "communication_protocol_version": "1.5.0",
        "pytorch_version": "2.8.0+cpu",
        "numpy_version": "1.23.5",
        "end_time_seconds": "1758102888"
    },
    "total": 66.28977800000575,
    "count": 1,
    "self": 10.004377499979455,
    "children": {
        "run_training.setup": {
            "total": 0.07879040000261739,
            "count": 1,
            "self": 0.07879040000261739
        },
        "TrainerController.start_learning": {
            "total": 56.20661010002368,
            "count": 1,
            "self": 0.0744502000452485,
            "children": {
                "TrainerController._reset_env": {
                    "total": 8.855062799993902,
                    "count": 1,
                    "self": 8.855062799993902
                },
                "TrainerController.advance": {
                    "total": 47.16586909999023,
                    "count": 4112,
                    "self": 0.028826600464526564,
                    "children": {
                        "env_step": {
                            "total": 47.137042499525705,
                            "count": 4112,
                            "self": 41.61993799926131,
                            "children": {
                                "SubprocessEnvManager._take_step": {
                                    "total": 5.470033599965973,
                                    "count": 4113,
                                    "self": 0.15716019907267764,
                                    "children": {
                                        "TorchPolicy.evaluate": {
                                            "total": 5.312873400893295,
                                            "count": 4085,
                                            "self": 5.312873400893295
                                        }
                                    }
                                },
                                "workers": {
                                    "total": 0.0470709002984222,
                                    "count": 4111,
                                    "self": 0.0,
                                    "children": {
                                        "worker_root": {
                                            "total": 37.05906929998309,
                                            "count": 4111,
                                            "is_parallel": true,
                                            "self": 9.545767900010105,
                                            "children": {
                                                "steps_from_proto": {
                                                    "total": 0.025718299963045865,
                                                    "count": 2,
                                                    "is_parallel": true,
                                                    "self": 0.00017389989807270467,
                                                    "children": {
                                                        "_process_maybe_compressed_observation": {
                                                            "total": 0.02539030005573295,
                                                            "count": 8,
                                                            "is_parallel": true,
                                                            "self": 0.0001870000851340592,
                                                            "children": {
                                                                "_observation_to_np_array": {
                                                                    "total": 0.02520329997059889,
                                                                    "count": 4,
                                                                    "is_parallel": true,
                                                                    "self": 7.329997606575489e-05,
                                                                    "children": {
                                                                        "process_pixels": {
                                                                            "total": 0.025129999994533136,
                                                                            "count": 4,
                                                                            "is_parallel": true,
                                                                            "self": 0.0004693999944720417,
                                                                            "children": {
                                                                                "image_decompress": {
                                                                                    "total": 0.024660600000061095,
                                                                                    "count": 4,
                                                                                    "is_parallel": true,
                                                                                    "self": 0.024660600000061095
                                                                                }
                                                                            }
                                                                        }
                                                                    }
                                                                }
                                                            }
                                                        },
                                                        "_process_rank_one_or_two_observation": {
                                                            "total": 0.00015410000924021006,
                                                            "count": 4,
                                                            "is_parallel": true,
                                                            "self": 0.00015410000924021006
                                                        }
                                                    }
                                                },
                                                "UnityEnvironment.step": {
                                                    "total": 27.487583100009942,
                                                    "count": 4111,
                                                    "is_parallel": true,
                                                    "self": 0.22756689955713227,
                                                    "children": {
                                                        "UnityEnvironment._generate_step_input": {
                                                            "total": 0.15646259998902678,
                                                            "count": 4111,
                                                            "is_parallel": true,
                                                            "self": 0.15646259998902678
                                                        },
                                                        "communicator.exchange": {
                                                            "total": 24.45174799999222,
                                                            "count": 4111,